character_name,group,subgroup
Carol D.,Lumon Industries,Macrodata Refinement
Dario R.,Lumon Industries,Macrodata Refinement
Dylan G.,Lumon Industries,Macrodata Refinement
Gwendolyn Y.,Lumon Industries,Macrodata Refinement
Helly R.,Lumon Industries,Macrodata Refinement
Irving B.,Lumon Industries,Macrodata Refinement
Mark S.,Lumon Industries,Macrodata Refinement
Mark W.,Lumon Industries,Macrodata Refinement
Peggy K.,Lumon Industries,Macrodata Refinement
Peter K.,Lumon Industries,Macrodata Refinement
Alice K.,Lumon Industries,Optics & Design
Burt G.,Lumon Industries,Optics & Design
Elizabeth,Lumon Industries,Optics & Design
Felicia,Lumon Industries,Optics & Design
Oswald,Lumon Industries,Optics & Design
Goat Man,Lumon Industries,Mammalians Nurturable
Lorne,Lumon Industries,Mammalians Nurturable
Wyatt,Lumon Industries,Mammalians Nurturable
Bukayo,Lumon Industries,Choreography & Merriment
Ms. Casey,Lumon Industries,Wellness
Doug Graner,Lumon Industries,Administration
Eustice Huang,Lumon Industries,Administration
Harmony Cobel,Lumon Industries,Administration
Mr. Alvarado,Lumon Industries,Administration
Mr. Dooley,Lumon Industries,Administration
Mr. Drummond,Lumon Industries,Administration
Natalie Kalen,Lumon Industries,Administration
Seth Milchick,Lumon Industries,Administration
The Board,Lumon Industries,Administration
Ambrose Eagan,Lumon Industries,Eagan Family
Baird Eagan,Lumon Industries,Eagan Family
Dieter Eagan,Lumon Industries,Eagan Family
Eagan Family,Lumon Industries,Eagan Family
Gerhardt Eagan,Lumon Industries,Eagan Family
Gunnel Eagan,Lumon Industries,Eagan Family
Helena Eagan,Lumon Industries,Eagan Family
Imogene Eagan,Lumon Industries,Eagan Family
Jame Eagan,Lumon Industries,Eagan Family
Kier Eagan,Lumon Industries,Eagan Family
Leonora Eagan,Lumon Industries,Eagan Family
Myrtle Eagan,Lumon Industries,Eagan Family
Phillip “Pip” Eagan,Lumon Industries,Eagan Family
Animated Lumon Administrative Building,Lumon Industries,Lumon Mascots
Animated Water Tower,Lumon Industries,Lumon Mascots
Sevy,Lumon Industries,Lumon Mascots
The Four Tempers (dancers),Lumon Industries,Lumon Mascots
Shadow Dylan,Lumon Industries,Shadows
Shadow Helly,Lumon Industries,Shadows
Shadow Irving,Lumon Industries,Shadows
Shadow Mark,Lumon Industries,Shadows
Dylan Watcher,Lumon Industries,Watchers
Helly Watcher,Lumon Industries,Watchers
Irving Watcher,Lumon Industries,Watchers
Mark Watcher,Lumon Industries,Watchers
Asal Reghabi,Lumon Industries,Other Lumon Employees
Cecily,Lumon Industries,Other Lumon Employees
Dr. Mauer,Lumon Industries,Other Lumon Employees
Dutina Ellerman,Lumon Industries,Other Lumon Employees
Event Coordinator,Lumon Industries,Other Lumon Employees
Florence,Lumon Industries,Other Lumon Employees
Gate Guard,Lumon Industries,Other Lumon Employees
Helena Eagan's Driver,Lumon Industries,Other Lumon Employees
Judd,Lumon Industries,Other Lumon Employees
Lawrence,Lumon Industries,Other Lumon Employees
Lumon Security Guard #1,Lumon Industries,Other Lumon Employees
Lumon Security Guard #2,Lumon Industries,Other Lumon Employees
Neurosurgeon,Lumon Industries,Other Lumon Employees
Nick Francone,Lumon Industries,Other Lumon Employees
Bob Hale,Friends & Family,Mark’s Family
Cornell Scout,Friends & Family,Mark’s Family
Devon Scout-Hale,Friends & Family,Mark’s Family
Eleanor Scout-Hale,Friends & Family,Mark’s Family
Fern Scout,Friends & Family,Mark’s Family
Gemma Scout,Friends & Family,Mark’s Family
Grace Hale,Friends & Family,Mark’s Family
Mark Scout,Friends & Family,Mark’s Family
Ricken Hale,Friends & Family,Mark’s Family
Balf,Friends & Family,Ricken’s Friends
Baxtrom Duft,Friends & Family,Ricken’s Friends
Book Reading Attendee,Friends & Family,Ricken’s Friends
Danise,Friends & Family,Ricken’s Friends
Fabie,Friends & Family,Ricken’s Friends
Mrs. Duft,Friends & Family,Ricken’s Friends
Patton Thune,Friends & Family,Ricken’s Friends
Rebeck Gulk,Friends & Family,Ricken’s Friends
Dylan George,Friends & Family,Dylan's Family
Gretchen George,Friends & Family,Dylan's Family
Jim George,Friends & Family,Dylan's Family
Merrick George,Friends & Family,Dylan's Family
Ruth George,Friends & Family,Dylan's Family
June Kilmer,Friends & Family,Petey's Family
Nina,Friends & Family,Petey's Family
Peter Kilmer,Friends & Family,Petey's Family
Burt Goodman,Friends & Family,Burt's Family
Fields,Friends & Family,Burt's Family
"Celestine ""Sissy"" Cobel",Friends & Family,Harmony's Family
Charlotte Cobel,Friends & Family,Harmony's Family
Emile,Miscellaneous,Animals
Goats,Miscellaneous,Animals
Mark’s Fish,Miscellaneous,Animals
Radar,Miscellaneous,Animals
Rebeck’s Bird,Miscellaneous,Animals
Dot,Miscellaneous,Salt's Neck
Ether Addict,Miscellaneous,Salt's Neck
Hampton,Miscellaneous,Salt's Neck
Magnus,Miscellaneous,Salt's Neck
Rose,Miscellaneous,Salt's Neck
Alan Miller,Miscellaneous,Other Folks
Alexa,Miscellaneous,Other Folks
Angelo Arteta,Miscellaneous,Other Folks
Bartender,Miscellaneous,Other Folks
Checkout Girl,Miscellaneous,Other Folks
Cop,Miscellaneous,Other Folks
Daria Thorne,Miscellaneous,Other Folks
Dawn Farn,Miscellaneous,Other Folks
Dell Hatch,Miscellaneous,Other Folks
Edgare Willit,Miscellaneous,Other Folks
Fissureman,Miscellaneous,Other Folks
Fleur Willit,Miscellaneous,Other Folks
Gabby Arteta,Miscellaneous,Other Folks
Guy at Venue,Miscellaneous,Other Folks
Jim Milchick,Miscellaneous,Other Folks
Meryl Rasmussen,Miscellaneous,Other Folks
Mr. Saliba,Miscellaneous,Other Folks
Mrs. Lustgarten,Miscellaneous,Other Folks
Nature Documentary Narrator,Miscellaneous,Other Folks
Steven,Miscellaneous,Other Folks
Waiter,Miscellaneous,Other Folks
Waitress,Miscellaneous,Other Folks
Weather Channel Announcer,Miscellaneous,Other Folks
WMC Activist 1,Miscellaneous,Other Folks
WMC Activist 2,Miscellaneous,Other Folks
Woe,Miscellaneous,Other Folks
